stage,brier,ece
uncalibrated,0.1799127327387666,0.3188605191592445
calibrated,0.05731428529961574,0.01232130251082086
