metric,point_estimate,ci_low,ci_high,n_bootstrap
hazardous_recall,0.5769230769230769,0.3809113300492611,0.7693181818181813,2000
hazardous_precision,0.1744186046511628,0.0958904109589041,0.2584368803701255,2000
hazardous_f2,0.39473684210526316,0.24844169860358575,0.5252100840336135,2000
roc_auc,0.745006374840629,0.6402075023687267,0.8455551518578106,2000
