seismic,seismoacoustic,shift,genergy,gpuls,gdenergy,gdpuls,ghazard,nbumps,nbumps2,nbumps3,nbumps4,nbumps5,nbumps6,nbumps7,nbumps89,energy,maxenergy,predicted_probability,risk_score,risk_level,dangerous_flag
a,a,N,15180.0,48.0,-72.0,-72.0,a,0.0,0.0,0.0,0.0,0.0,0.0,0.0,0.0,0.0,0.0,0.15406655914655346,15,low,0
a,a,N,14720.0,33.0,-70.0,-79.0,a,1.0,0.0,1.0,0.0,0.0,0.0,0.0,0.0,2000.0,2000.0,0.2291751289390554,23,low,0
a,a,N,8050.0,30.0,-81.0,-78.0,a,0.0,0.0,0.0,0.0,0.0,0.0,0.0,0.0,0.0,0.0,0.15359372350074527,15,low,0
a,a,N,28820.0,171.0,-23.0,40.0,a,1.0,0.0,1.0,0.0,0.0,0.0,0.0,0.0,3000.0,3000.0,0.27747481399736207,28,low,0
a,a,N,12640.0,57.0,-63.0,-52.0,a,0.0,0.0,0.0,0.0,0.0,0.0,0.0,0.0,0.0,0.0,0.15849957380086757,16,low,0
